{
    "filename": "FarSide (26).jpg",
    "unique_code": "a7f1958ae0354acf580328f11791a71af3049fb66c4f251666c3bae28acad02a",
    "directory_name": "2",
    "model": "ViT-g-14/laion2B-s34B-b88K",
    "prompts": {
        "caption": "cartoon of a group of people sitting around a fire with a dog",
        "best": "cartoon of a group of people sitting around a fire with a dog, gary larson, cowboys, moonshine cybin, ( herman nitsch, iu, 3 - piece, exhibant, kanye, listing image, 27, front, prop, cauldrons, ((portrait)), suddenly there came a tapping, n 2, covert art",
        "fast": "cartoon of a group of people sitting around a fire with a dog, gary larson, by Fred Ludekens, by Fritz Bultman, by Fletcher Martin, by William Stout, r. crumb, jim woodring, by Don Eddy, by Lyle Tuttle, by Ron Walotsky, by Bob Thompson, artist unknown, by Phillip Otto Runge",
        "classic": "cartoon of a group of people sitting around a fire with a dog, a cartoon by Fred Ludekens, tumblr, folk art, gary larson, r. crumb, jim woodring",
        "negative": "urban fantasy romance book cover, beautiful alluring female cyborg, uhd cinematic lighting, samira from league of legends, bokeh top cinematic lighting, azure ocean, full body!! dynamic pose, unreal engine 4k wallpaper, sexy muscular upper body, style of aenami alena, 4k hd wallpaper:4, echo from overwatch, female protagonist 👀 :8"
    },
    "analysis": {
        "medium": {
            "a cartoon": 0.2305908203125,
            "a woodcut": 0.197998046875,
            "a storybook illustration": 0.1962890625,
            "an ink drawing": 0.1885986328125,
            "an illustration of": 0.1795654296875
        },
        "artist": {
            "by Fred Ludekens": 0.266845703125,
            "by Fritz Bultman": 0.265869140625,
            "by Fletcher Martin": 0.2568359375,
            "by William Stout": 0.255859375,
            "by Don Eddy": 0.25439453125
        },
        "movement": {
            "folk art": 0.1724853515625,
            "pop art": 0.1708984375,
            "conceptual art": 0.16845703125,
            "dada": 0.166259765625,
            "neoism": 0.163818359375
        },
        "trending": {
            "tumblr": 0.1654052734375,
            "cg society": 0.1173095703125,
            "reddit": 0.11529541015625,
            "pinterest": 0.10528564453125,
            "pixabay": 0.09893798828125
        },
        "flavor": {
            "gary larson": 0.318359375,
            "r. crumb": 0.255126953125,
            "jim woodring": 0.2548828125,
            "artist unknown": 0.251708984375,
            "r crumb": 0.25
        }
    }
}