{
    "filename": "RANDOS (30).png",
    "unique_code": "af9c104ded7f1f046801d8893a5b10581e51b63c9b8aa905904eba8ead7a331c",
    "directory_name": "1",
    "model": "ViT-g-14/laion2B-s34B-b88K",
    "prompts": {
        "caption": "painting of a man holding a red flower in front of his face",
        "best": "painting of a man holding a red flower in front of his face, dirk dzimirsky, a portrait of a british man, skinny grunt face, platon, photorealistic-n 9, masterpiece image, william gibson, by Steve Argyle, large flower head, h0, national portrait gallery, saatchi art, andrey gordeev",
        "fast": "painting of a man holding a red flower in front of his face, dragan bibin, by Peter Scott, vdragan bibin, style of dragan bibin, photo - realism, photo-realism, mark hammil portrait, photographic hyperrealism, a photorealistic painting, in a style of hyperrealism, david normal. photorealistic",
        "classic": "painting of a man holding a red flower in front of his face, a photorealistic painting by Peter Scott, pixabay, hyperrealism, dragan bibin, vdragan bibin, style of dragan bibin",
        "negative": "nets and boats, mountain fuji on the background, hong kong buildings, wave of water particles, seaside backgroud, urban city background, ships with sails underneath, technological lights, water stream, lots of building"
    },
    "analysis": {
        "medium": {
            "a photorealistic painting": 0.272216796875,
            "a hyperrealistic painting": 0.269287109375,
            "a portrait": 0.224609375,
            "an oil painting": 0.2135009765625,
            "a surrealist painting": 0.207275390625
        },
        "artist": {
            "by Peter Scott": 0.291748046875,
            "by John Brown": 0.2685546875,
            "by Trevor Brown": 0.267822265625,
            "by Vincent Evans": 0.263671875,
            "by John Wonnacott": 0.259033203125
        },
        "movement": {
            "hyperrealism": 0.2498779296875,
            "photorealism": 0.2474365234375,
            "realism": 0.23779296875,
            "socialist realism": 0.22119140625,
            "fantastic realism": 0.2205810546875
        },
        "trending": {
            "pixabay": 0.16650390625,
            "deviantart": 0.1552734375,
            "tumblr": 0.15283203125,
            "flickr": 0.1475830078125,
            "pexels": 0.1456298828125
        },
        "flavor": {
            "dragan bibin": 0.298583984375,
            "vdragan bibin": 0.28857421875,
            "style of dragan bibin": 0.28369140625,
            "photo-realism": 0.2763671875,
            "photo - realism": 0.2763671875
        }
    }
}