{
  "url": "http://127.0.0.1:7864/interrogator/prompt",
  "request": {
    "clip_model_name": "ViT-g-14/laion2B-s34B-b88K",
    "mode": "caption"
  },
  "response_status_code": 200,
  "response_text": "{\"prompt\":\"painting of a man holding a red flower in front of his face\"}"
}
{
  "url": "http://127.0.0.1:7864/interrogator/prompt",
  "request": {
    "clip_model_name": "ViT-g-14/laion2B-s34B-b88K",
    "mode": "best"
  },
  "response_status_code": 200,
  "response_text": "{\"prompt\":\"painting of a man holding a red flower in front of his face, dirk dzimirsky, a portrait of a british man, skinny grunt face, platon, photorealistic-n 9, masterpiece image, william gibson, by John Moonan, large flower head, 3 0 0 dpi, no eyebrow, h0, red nose, lisa, ken\"}"
}
{
  "url": "http://127.0.0.1:7864/interrogator/prompt",
  "request": {
    "clip_model_name": "ViT-g-14/laion2B-s34B-b88K",
    "mode": "fast"
  },
  "response_status_code": 200,
  "response_text": "{\"prompt\":\"painting of a man holding a red flower in front of his face, dragan bibin, by Peter Scott, vdragan bibin, style of dragan bibin, photo - realism, photo-realism, mark hammil portrait, photographic hyperrealism, a photorealistic painting, in a style of hyperrealism, david normal. photorealistic\"}"
}
{
  "url": "http://127.0.0.1:7864/interrogator/prompt",
  "request": {
    "clip_model_name": "ViT-g-14/laion2B-s34B-b88K",
    "mode": "classic"
  },
  "response_status_code": 200,
  "response_text": "{\"prompt\":\"painting of a man holding a red flower in front of his face, a photorealistic painting by Peter Scott, pixabay, hyperrealism, dragan bibin, vdragan bibin, style of dragan bibin\"}"
}
{
  "url": "http://127.0.0.1:7864/interrogator/prompt",
  "request": {
    "clip_model_name": "ViT-g-14/laion2B-s34B-b88K",
    "mode": "negative"
  },
  "response_status_code": 200,
  "response_text": "{\"prompt\":\"nets and boats, mountain fuji on the background, hong kong buildings, wave of water particles, seaside backgroud, urban city background, ships with sails underneath, offset and takeoff, water stream, coding time, landscape background, japanese neighborhood\"}"
}
{
  "url": "http://127.0.0.1:7864/interrogator/prompt",
  "request": {
    "clip_model_name": "ViT-g-14/laion2B-s34B-b88K",
    "mode": "caption"
  },
  "response_status_code": 200,
  "response_text": "{\"prompt\":\"cartoon of a group of people sitting around a fire with a dog\"}"
}
{
  "url": "http://127.0.0.1:7864/interrogator/prompt",
  "request": {
    "clip_model_name": "ViT-g-14/laion2B-s34B-b88K",
    "mode": "best"
  },
  "response_status_code": 200,
  "response_text": "{\"prompt\":\"cartoon of a group of people sitting around a fire with a dog, gary larson, cowboys, moonshine cybin, ( herman nitsch, iu, 3 - piece, exhibant, kanye, listing image, 27, front, prop, cauldrons, ((portrait)), suddenly there came a tapping, n 2, covert art\"}"
}
{
  "url": "http://127.0.0.1:7864/interrogator/prompt",
  "request": {
    "clip_model_name": "ViT-g-14/laion2B-s34B-b88K",
    "mode": "fast"
  },
  "response_status_code": 200,
  "response_text": "{\"prompt\":\"cartoon of a group of people sitting around a fire with a dog, gary larson, by Fred Ludekens, by Fritz Bultman, by Fletcher Martin, by William Stout, r. crumb, jim woodring, by Don Eddy, by Lyle Tuttle, by Ron Walotsky, by Bob Thompson, artist unknown, by Phillip Otto Runge\"}"
}
{
  "url": "http://127.0.0.1:7864/interrogator/prompt",
  "request": {
    "clip_model_name": "ViT-g-14/laion2B-s34B-b88K",
    "mode": "classic"
  },
  "response_status_code": 200,
  "response_text": "{\"prompt\":\"cartoon of a group of people sitting around a fire with a dog, a cartoon by Fred Ludekens, tumblr, folk art, gary larson, r. crumb, jim woodring\"}"
}
{
  "url": "http://127.0.0.1:7864/interrogator/prompt",
  "request": {
    "clip_model_name": "ViT-g-14/laion2B-s34B-b88K",
    "mode": "negative"
  },
  "response_status_code": 200,
  "response_text": "{\"prompt\":\"urban fantasy romance book cover, beautiful alluring female cyborg, uhd cinematic lighting, samira from league of legends, bokeh top cinematic lighting, azure ocean, full body!! dynamic pose, unreal engine 4k wallpaper, sexy muscular upper body, style of aenami alena, 4k hd wallpaper:4, echo from overwatch, female protagonist \ud83d\udc40 :8\"}"
}
{
  "url": "http://127.0.0.1:7864/interrogator/prompt",
  "request": {
    "clip_model_name": "ViT-g-14/laion2B-s34B-b88K",
    "mode": "caption"
  },
  "response_status_code": 200,
  "response_text": "{\"prompt\":\"painting of two bald men with glasses and a green background\"}"
}
{
  "url": "http://127.0.0.1:7864/interrogator/prompt",
  "request": {
    "clip_model_name": "ViT-g-14/laion2B-s34B-b88K",
    "mode": "best"
  },
  "response_status_code": 200,
  "response_text": "{\"prompt\":\"painting of two bald men with glasses and a green background, style of mark ryden, by Matthias Jung, portrait of don knotts, two hovering twin nuns, many heads, hi - fructose art magazine, by John Brack, photo courtesy museum of art, chinese artist, ben folds portrait, very very unsettling, smooth symmetrical chin, oaks\"}"
}
{
  "url": "http://127.0.0.1:7864/interrogator/prompt",
  "request": {
    "clip_model_name": "ViT-g-14/laion2B-s34B-b88K",
    "mode": "fast"
  },
  "response_status_code": 200,
  "response_text": "{\"prompt\":\"painting of two bald men with glasses and a green background, style of mark ryden, mark ryden style, mark ryden in the style of, daniel clowes, siamese twins, mark ryden highly detailed, two heads, lowbrow surrealism, absurdist art, maarten schr\u00f6der and tom bagshaw, by Mark Ryden\"}"
}
{
  "url": "http://127.0.0.1:7864/interrogator/prompt",
  "request": {
    "clip_model_name": "ViT-g-14/laion2B-s34B-b88K",
    "mode": "classic"
  },
  "response_status_code": 200,
  "response_text": "{\"prompt\":\"painting of two bald men with glasses and a green background, a portrait by Mark Ryden, tumblr, surrealism, style of mark ryden, mark ryden style, mark ryden in the style of\"}"
}
{
  "url": "http://127.0.0.1:7864/interrogator/prompt",
  "request": {
    "clip_model_name": "ViT-g-14/laion2B-s34B-b88K",
    "mode": "negative"
  },
  "response_status_code": 200,
  "response_text": "{\"prompt\":\"stunning african princess, ahri from league of legends, backlight photo sample, wearing xena armor, sparks of fire flying, armored sword blade, crystal maiden, battle map prop, gracefully belly dancing pose, stunning waterfall, purple crystals, beautiful flower, frostbite engine, rune-engraved armor, battle for whiterun city, greek amazon warrior, berries dripping\"}"
}
{
  "url": "http://127.0.0.1:7864/interrogator/prompt",
  "request": {
    "clip_model_name": "ViT-g-14/laion2B-s34B-b88K",
    "mode": "caption"
  },
  "response_status_code": 200,
  "response_text": "{\"prompt\":\"a cartoon of a dog pulling a lawn mower in front of a house\"}"
}
{
  "url": "http://127.0.0.1:7864/interrogator/prompt",
  "request": {
    "clip_model_name": "ViT-g-14/laion2B-s34B-b88K",
    "mode": "best"
  },
  "response_status_code": 200,
  "response_text": "{\"prompt\":\"a cartoon of a dog pulling a lawn mower in front of a house, 1997 ), zen garden, flirting, bears, god looking at me, the window is open, backyard, photograph credit: ap, addams, cute cartoon, lonely family, jeff lyons, home display, on its own, operating on burgers, kilart, living\"}"
}
{
  "url": "http://127.0.0.1:7864/interrogator/prompt",
  "request": {
    "clip_model_name": "ViT-g-14/laion2B-s34B-b88K",
    "mode": "fast"
  },
  "response_status_code": 200,
  "response_text": "{\"prompt\":\"a cartoon of a dog pulling a lawn mower in front of a house, in the yard, by Ray Parker, lawn, by Fred Ludekens, cartoon from the 90's, by Bill Lewis, gary larson, in a suburban backyard, lawns, by Brian Fies, by Matt Groening, by John Parker, by John Armleder, jeff smith\"}"
}
{
  "url": "http://127.0.0.1:7864/interrogator/prompt",
  "request": {
    "clip_model_name": "ViT-g-14/laion2B-s34B-b88K",
    "mode": "classic"
  },
  "response_status_code": 200,
  "response_text": "{\"prompt\":\"a cartoon of a dog pulling a lawn mower in front of a house, a digital rendering by Ray Parker, reddit, auto-destructive art, in the yard, lawn, cartoon from the 90's\"}"
}
{
  "url": "http://127.0.0.1:7864/interrogator/prompt",
  "request": {
    "clip_model_name": "ViT-g-14/laion2B-s34B-b88K",
    "mode": "negative"
  },
  "response_status_code": 200,
  "response_text": "{\"prompt\":\"rossdraws pastel vibrant, star guardian inspired, karol bak uhd, ''wallpaper of a phoenix, sigma from overwatch, oceanic naval battles, gold leaf texture, natalia dyer, dark tenebrous blue background, studio lighting 4 k, low-res, vanessa morgan, tiefling rogue, close up, epic elven warrior\"}"
}
{
  "url": "http://127.0.0.1:7864/interrogator/prompt",
  "request": {
    "clip_model_name": "ViT-g-14/laion2B-s34B-b88K",
    "mode": "caption"
  },
  "response_status_code": 200,
  "response_text": "{\"prompt\":\"a close up of a red background with a white border\"}"
}
{
  "url": "http://127.0.0.1:7864/interrogator/prompt",
  "request": {
    "clip_model_name": "ViT-g-14/laion2B-s34B-b88K",
    "mode": "best"
  },
  "response_status_code": 200,
  "response_text": "{\"prompt\":\"a close up of a red background with a white border, reddit vexillology, large vertical blank spaces, solid color background, full building, cart, on a red background, 1128x191 resolution, high luminosity, anti life, 1 3 3 4 building, plain background, midlands, ps, battery, geo, leonid, form\"}"
}
{
  "url": "http://127.0.0.1:7864/interrogator/prompt",
  "request": {
    "clip_model_name": "ViT-g-14/laion2B-s34B-b88K",
    "mode": "fast"
  },
  "response_status_code": 200,
  "response_text": "{\"prompt\":\"a close up of a red background with a white border, plain red background, red, bright red, color red, red only, red color, only red colour, colors red, red colored, strong red hue, red color bleed, red hue, gradient red, rot, red colors, in red background, simple red background, only with red\"}"
}
{
  "url": "http://127.0.0.1:7864/interrogator/prompt",
  "request": {
    "clip_model_name": "ViT-g-14/laion2B-s34B-b88K",
    "mode": "classic"
  },
  "response_status_code": 200,
  "response_text": "{\"prompt\":\"a close up of a red background with a white border, a picture inspired by Yamamoto Sh\u014dun, deviantart, neoplasticism, plain red background, red, bright red\"}"
}
{
  "url": "http://127.0.0.1:7864/interrogator/prompt",
  "request": {
    "clip_model_name": "ViT-g-14/laion2B-s34B-b88K",
    "mode": "negative"
  },
  "response_status_code": 200,
  "response_text": "{\"prompt\":\"watercolor pencil + ink drawing, soft blues and greens, cute details, purple accents, touching her clothes, swirling nature magic, cream and blue color scheme, adorable!!!, charcoal and champagne, feet art, whimsical!! intricate details, david mack, beautiful sculpted details, legend of the cryptids, stone and glass and gold, in water up to her shoulders\"}"
}
{
  "url": "http://127.0.0.1:7864/interrogator/prompt",
  "request": {
    "clip_model_name": "ViT-g-14/laion2B-s34B-b88K",
    "mode": "caption"
  },
  "response_status_code": 200,
  "response_text": "{\"prompt\":\"painting of a man holding a red flower in front of his face\"}"
}
{
  "url": "http://127.0.0.1:7864/interrogator/prompt",
  "request": {
    "clip_model_name": "ViT-g-14/laion2B-s34B-b88K",
    "mode": "caption"
  },
  "response_status_code": 200,
  "response_text": "{\"prompt\":\"painting of a man holding a red flower in front of his face\"}"
}
{
  "url": "http://127.0.0.1:7864/interrogator/prompt",
  "request": {
    "clip_model_name": "ViT-g-14/laion2B-s34B-b88K",
    "mode": "best"
  },
  "response_status_code": 200,
  "response_text": "{\"prompt\":\"painting of a man holding a red flower in front of his face, dirk dzimirsky, a portrait of a british man, skinny grunt face, platon, photorealistic-n 9, masterpiece image, william gibson, by John Moonan, large flower head, 3 0 0 dpi, no eyebrow, h0, red nose, lisa, ken\"}"
}
{
  "url": "http://127.0.0.1:7864/interrogator/prompt",
  "request": {
    "clip_model_name": "ViT-g-14/laion2B-s34B-b88K",
    "mode": "fast"
  },
  "response_status_code": 200,
  "response_text": "{\"prompt\":\"painting of a man holding a red flower in front of his face, dragan bibin, by Peter Scott, vdragan bibin, style of dragan bibin, photo - realism, photo-realism, mark hammil portrait, photographic hyperrealism, a photorealistic painting, in a style of hyperrealism, david normal. photorealistic\"}"
}
{
  "url": "http://127.0.0.1:7864/interrogator/prompt",
  "request": {
    "clip_model_name": "ViT-g-14/laion2B-s34B-b88K",
    "mode": "classic"
  },
  "response_status_code": 200,
  "response_text": "{\"prompt\":\"painting of a man holding a red flower in front of his face, a photorealistic painting by Peter Scott, pixabay, hyperrealism, dragan bibin, vdragan bibin, style of dragan bibin\"}"
}
{
  "url": "http://127.0.0.1:7864/interrogator/prompt",
  "request": {
    "clip_model_name": "ViT-g-14/laion2B-s34B-b88K",
    "mode": "negative"
  },
  "response_status_code": 200,
  "response_text": "{\"prompt\":\"nets and boats, mountain fuji on the background, hong kong buildings, wave of water particles, seaside backgroud, urban city background, ships with sails underneath, offset and takeoff, water stream, coding time, landscape background, japanese neighborhood\"}"
}
{
  "url": "http://127.0.0.1:7864/interrogator/prompt",
  "request": {
    "clip_model_name": "ViT-g-14/laion2B-s34B-b88K",
    "mode": "caption"
  },
  "response_status_code": 200,
  "response_text": "{\"prompt\":\"cartoon of a group of people sitting around a fire with a dog\"}"
}
{
  "url": "http://127.0.0.1:7864/interrogator/prompt",
  "request": {
    "clip_model_name": "ViT-g-14/laion2B-s34B-b88K",
    "mode": "best"
  },
  "response_status_code": 200,
  "response_text": "{\"prompt\":\"cartoon of a group of people sitting around a fire with a dog, gary larson, cowboys, moonshine cybin, ( herman nitsch, iu, 3 - piece, exhibant, kanye, listing image, 27, front, prop, cauldrons, ((portrait)), suddenly there came a tapping, n 2, covert art\"}"
}
{
  "url": "http://127.0.0.1:7864/interrogator/prompt",
  "request": {
    "clip_model_name": "ViT-g-14/laion2B-s34B-b88K",
    "mode": "fast"
  },
  "response_status_code": 200,
  "response_text": "{\"prompt\":\"cartoon of a group of people sitting around a fire with a dog, gary larson, by Fred Ludekens, by Fritz Bultman, by Fletcher Martin, by William Stout, r. crumb, jim woodring, by Don Eddy, by Lyle Tuttle, by Ron Walotsky, by Bob Thompson, artist unknown, by Phillip Otto Runge\"}"
}
{
  "url": "http://127.0.0.1:7864/interrogator/prompt",
  "request": {
    "clip_model_name": "ViT-g-14/laion2B-s34B-b88K",
    "mode": "classic"
  },
  "response_status_code": 200,
  "response_text": "{\"prompt\":\"cartoon of a group of people sitting around a fire with a dog, a cartoon by Fred Ludekens, tumblr, folk art, gary larson, r. crumb, jim woodring\"}"
}
{
  "url": "http://127.0.0.1:7864/interrogator/prompt",
  "request": {
    "clip_model_name": "ViT-g-14/laion2B-s34B-b88K",
    "mode": "negative"
  },
  "response_status_code": 200,
  "response_text": "{\"prompt\":\"urban fantasy romance book cover, beautiful alluring female cyborg, uhd cinematic lighting, samira from league of legends, bokeh top cinematic lighting, azure ocean, full body!! dynamic pose, unreal engine 4k wallpaper, sexy muscular upper body, style of aenami alena, 4k hd wallpaper:4, echo from overwatch, female protagonist \ud83d\udc40 :8\"}"
}
{
  "url": "http://127.0.0.1:7864/interrogator/prompt",
  "request": {
    "clip_model_name": "ViT-g-14/laion2B-s34B-b88K",
    "mode": "caption"
  },
  "response_status_code": 200,
  "response_text": "{\"prompt\":\"painting of two bald men with glasses and a green background\"}"
}
{
  "url": "http://127.0.0.1:7864/interrogator/prompt",
  "request": {
    "clip_model_name": "ViT-g-14/laion2B-s34B-b88K",
    "mode": "best"
  },
  "response_status_code": 200,
  "response_text": "{\"prompt\":\"painting of two bald men with glasses and a green background, style of mark ryden, by Matthias Jung, portrait of don knotts, two hovering twin nuns, many heads, hi - fructose art magazine, by John Brack, photo courtesy museum of art, chinese artist, ben folds portrait, very very unsettling, smooth symmetrical chin, oaks\"}"
}
{
  "url": "http://127.0.0.1:7864/interrogator/prompt",
  "request": {
    "clip_model_name": "ViT-g-14/laion2B-s34B-b88K",
    "mode": "fast"
  },
  "response_status_code": 200,
  "response_text": "{\"prompt\":\"painting of two bald men with glasses and a green background, style of mark ryden, mark ryden style, mark ryden in the style of, daniel clowes, siamese twins, mark ryden highly detailed, two heads, lowbrow surrealism, absurdist art, maarten schr\u00f6der and tom bagshaw, by Mark Ryden\"}"
}
{
  "url": "http://127.0.0.1:7864/interrogator/prompt",
  "request": {
    "clip_model_name": "ViT-g-14/laion2B-s34B-b88K",
    "mode": "classic"
  },
  "response_status_code": 200,
  "response_text": "{\"prompt\":\"painting of two bald men with glasses and a green background, a portrait by Mark Ryden, tumblr, surrealism, style of mark ryden, mark ryden style, mark ryden in the style of\"}"
}
{
  "url": "http://127.0.0.1:7864/interrogator/prompt",
  "request": {
    "clip_model_name": "ViT-g-14/laion2B-s34B-b88K",
    "mode": "negative"
  },
  "response_status_code": 200,
  "response_text": "{\"prompt\":\"stunning african princess, ahri from league of legends, backlight photo sample, wearing xena armor, sparks of fire flying, armored sword blade, crystal maiden, battle map prop, gracefully belly dancing pose, stunning waterfall, purple crystals, beautiful flower, frostbite engine, rune-engraved armor, battle for whiterun city, greek amazon warrior, berries dripping\"}"
}
{
  "url": "http://127.0.0.1:7864/interrogator/prompt",
  "request": {
    "clip_model_name": "ViT-g-14/laion2B-s34B-b88K",
    "mode": "caption"
  },
  "response_status_code": 200,
  "response_text": "{\"prompt\":\"a cartoon of a dog pulling a lawn mower in front of a house\"}"
}
{
  "url": "http://127.0.0.1:7864/interrogator/prompt",
  "request": {
    "clip_model_name": "ViT-g-14/laion2B-s34B-b88K",
    "mode": "best"
  },
  "response_status_code": 200,
  "response_text": "{\"prompt\":\"a cartoon of a dog pulling a lawn mower in front of a house, 1997 ), zen garden, flirting, bears, god looking at me, the window is open, backyard, photograph credit: ap, addams, cute cartoon, lonely family, jeff lyons, home display, on its own, operating on burgers, kilart, living\"}"
}
{
  "url": "http://127.0.0.1:7864/interrogator/prompt",
  "request": {
    "clip_model_name": "ViT-g-14/laion2B-s34B-b88K",
    "mode": "fast"
  },
  "response_status_code": 200,
  "response_text": "{\"prompt\":\"a cartoon of a dog pulling a lawn mower in front of a house, in the yard, by Ray Parker, lawn, by Fred Ludekens, cartoon from the 90's, by Bill Lewis, gary larson, in a suburban backyard, lawns, by Brian Fies, by Matt Groening, by John Parker, by John Armleder, jeff smith\"}"
}
{
  "url": "http://127.0.0.1:7864/interrogator/prompt",
  "request": {
    "clip_model_name": "ViT-g-14/laion2B-s34B-b88K",
    "mode": "classic"
  },
  "response_status_code": 200,
  "response_text": "{\"prompt\":\"a cartoon of a dog pulling a lawn mower in front of a house, a digital rendering by Ray Parker, reddit, auto-destructive art, in the yard, lawn, cartoon from the 90's\"}"
}
{
  "url": "http://127.0.0.1:7864/interrogator/prompt",
  "request": {
    "clip_model_name": "ViT-g-14/laion2B-s34B-b88K",
    "mode": "negative"
  },
  "response_status_code": 200,
  "response_text": "{\"prompt\":\"rossdraws pastel vibrant, star guardian inspired, karol bak uhd, ''wallpaper of a phoenix, sigma from overwatch, oceanic naval battles, gold leaf texture, natalia dyer, dark tenebrous blue background, studio lighting 4 k, low-res, vanessa morgan, tiefling rogue, close up, epic elven warrior\"}"
}
{
  "url": "http://127.0.0.1:7864/interrogator/prompt",
  "request": {
    "clip_model_name": "ViT-g-14/laion2B-s34B-b88K",
    "mode": "caption"
  },
  "response_status_code": 200,
  "response_text": "{\"prompt\":\"a close up of a red background with a white border\"}"
}
{
  "url": "http://127.0.0.1:7864/interrogator/prompt",
  "request": {
    "clip_model_name": "ViT-g-14/laion2B-s34B-b88K",
    "mode": "best"
  },
  "response_status_code": 200,
  "response_text": "{\"prompt\":\"a close up of a red background with a white border, reddit vexillology, large vertical blank spaces, solid color background, full building, cart, on a red background, 1128x191 resolution, high luminosity, anti life, 1 3 3 4 building, plain background, midlands, ps, battery, geo, leonid, form\"}"
}
{
  "url": "http://127.0.0.1:7864/interrogator/prompt",
  "request": {
    "clip_model_name": "ViT-g-14/laion2B-s34B-b88K",
    "mode": "fast"
  },
  "response_status_code": 200,
  "response_text": "{\"prompt\":\"a close up of a red background with a white border, plain red background, red, bright red, color red, red only, red color, only red colour, colors red, red colored, strong red hue, red color bleed, red hue, gradient red, rot, red colors, in red background, simple red background, only with red\"}"
}
{
  "url": "http://127.0.0.1:7864/interrogator/prompt",
  "request": {
    "clip_model_name": "ViT-g-14/laion2B-s34B-b88K",
    "mode": "classic"
  },
  "response_status_code": 200,
  "response_text": "{\"prompt\":\"a close up of a red background with a white border, a picture inspired by Yamamoto Sh\u014dun, deviantart, neoplasticism, plain red background, red, bright red\"}"
}
{
  "url": "http://127.0.0.1:7864/interrogator/prompt",
  "request": {
    "clip_model_name": "ViT-g-14/laion2B-s34B-b88K",
    "mode": "negative"
  },
  "response_status_code": 200,
  "response_text": "{\"prompt\":\"watercolor pencil + ink drawing, soft blues and greens, cute details, purple accents, touching her clothes, swirling nature magic, cream and blue color scheme, adorable!!!, charcoal and champagne, feet art, whimsical!! intricate details, david mack, beautiful sculpted details, legend of the cryptids, stone and glass and gold, in water up to her shoulders\"}"
}
{
  "url": "http://127.0.0.1:7864/interrogator/prompt",
  "request": {
    "clip_model_name": "ViT-g-14/laion2B-s34B-b88K",
    "mode": "caption"
  },
  "response_status_code": 200,
  "response_text": "{\"prompt\":\"painting of a man holding a red flower in front of his face\"}"
}
{
  "url": "http://127.0.0.1:7864/interrogator/prompt",
  "request": {
    "clip_model_name": "ViT-g-14/laion2B-s34B-b88K",
    "mode": "best"
  },
  "response_status_code": 200,
  "response_text": "{\"prompt\":\"painting of a man holding a red flower in front of his face, dirk dzimirsky, a portrait of a british man, skinny grunt face, platon, photorealistic-n 9, masterpiece image, william gibson, by Steve Argyle, large flower head, h0, national portrait gallery, saatchi art, andrey gordeev\"}"
}
{
  "url": "http://127.0.0.1:7864/interrogator/prompt",
  "request": {
    "clip_model_name": "ViT-g-14/laion2B-s34B-b88K",
    "mode": "fast"
  },
  "response_status_code": 200,
  "response_text": "{\"prompt\":\"painting of a man holding a red flower in front of his face, dragan bibin, by Peter Scott, vdragan bibin, style of dragan bibin, photo - realism, photo-realism, mark hammil portrait, photographic hyperrealism, a photorealistic painting, in a style of hyperrealism, david normal. photorealistic\"}"
}
{
  "url": "http://127.0.0.1:7864/interrogator/prompt",
  "request": {
    "clip_model_name": "ViT-g-14/laion2B-s34B-b88K",
    "mode": "classic"
  },
  "response_status_code": 200,
  "response_text": "{\"prompt\":\"painting of a man holding a red flower in front of his face, a photorealistic painting by Peter Scott, pixabay, hyperrealism, dragan bibin, vdragan bibin, style of dragan bibin\"}"
}
{
  "url": "http://127.0.0.1:7864/interrogator/prompt",
  "request": {
    "clip_model_name": "ViT-g-14/laion2B-s34B-b88K",
    "mode": "negative"
  },
  "response_status_code": 200,
  "response_text": "{\"prompt\":\"nets and boats, mountain fuji on the background, hong kong buildings, wave of water particles, seaside backgroud, urban city background, ships with sails underneath, technological lights, water stream, lots of building\"}"
}
{
  "url": "http://127.0.0.1:7864/interrogator/prompt",
  "request": {
    "clip_model_name": "ViT-g-14/laion2B-s34B-b88K",
    "mode": "caption"
  },
  "response_status_code": 200,
  "response_text": "{\"prompt\":\"cartoon of a group of people sitting around a fire with a dog\"}"
}
{
  "url": "http://127.0.0.1:7864/interrogator/prompt",
  "request": {
    "clip_model_name": "ViT-g-14/laion2B-s34B-b88K",
    "mode": "best"
  },
  "response_status_code": 200,
  "response_text": "{\"prompt\":\"cartoon of a group of people sitting around a fire with a dog, gary larson, cowboys, moonshine cybin, ( herman nitsch, iu, 3 - piece, exhibant, kanye, listing image, 27, front, prop, cauldrons, ((portrait)), suddenly there came a tapping, n 2, covert art\"}"
}
{
  "url": "http://127.0.0.1:7864/interrogator/prompt",
  "request": {
    "clip_model_name": "ViT-g-14/laion2B-s34B-b88K",
    "mode": "fast"
  },
  "response_status_code": 200,
  "response_text": "{\"prompt\":\"cartoon of a group of people sitting around a fire with a dog, gary larson, by Fred Ludekens, by Fritz Bultman, by Fletcher Martin, by William Stout, r. crumb, jim woodring, by Don Eddy, by Lyle Tuttle, by Ron Walotsky, by Bob Thompson, artist unknown, by Phillip Otto Runge\"}"
}
{
  "url": "http://127.0.0.1:7864/interrogator/prompt",
  "request": {
    "clip_model_name": "ViT-g-14/laion2B-s34B-b88K",
    "mode": "classic"
  },
  "response_status_code": 200,
  "response_text": "{\"prompt\":\"cartoon of a group of people sitting around a fire with a dog, a cartoon by Fred Ludekens, tumblr, folk art, gary larson, r. crumb, jim woodring\"}"
}
{
  "url": "http://127.0.0.1:7864/interrogator/prompt",
  "request": {
    "clip_model_name": "ViT-g-14/laion2B-s34B-b88K",
    "mode": "negative"
  },
  "response_status_code": 200,
  "response_text": "{\"prompt\":\"urban fantasy romance book cover, beautiful alluring female cyborg, uhd cinematic lighting, samira from league of legends, bokeh top cinematic lighting, azure ocean, full body!! dynamic pose, unreal engine 4k wallpaper, sexy muscular upper body, style of aenami alena, 4k hd wallpaper:4, echo from overwatch, female protagonist \ud83d\udc40 :8\"}"
}
{
  "url": "http://127.0.0.1:7864/interrogator/prompt",
  "request": {
    "clip_model_name": "ViT-g-14/laion2B-s34B-b88K",
    "mode": "caption"
  },
  "response_status_code": 200,
  "response_text": "{\"prompt\":\"painting of two bald men with glasses and a green background\"}"
}
{
  "url": "http://127.0.0.1:7864/interrogator/prompt",
  "request": {
    "clip_model_name": "ViT-g-14/laion2B-s34B-b88K",
    "mode": "best"
  },
  "response_status_code": 200,
  "response_text": "{\"prompt\":\"painting of two bald men with glasses and a green background, style of mark ryden, by Matthias Jung, portrait of don knotts, two hovering twin nuns, many heads, hi - fructose art magazine, by John Brack, photo courtesy museum of art, chinese artist, ben folds portrait, very very unsettling, smooth symmetrical chin, oaks\"}"
}
{
  "url": "http://127.0.0.1:7864/interrogator/prompt",
  "request": {
    "clip_model_name": "ViT-g-14/laion2B-s34B-b88K",
    "mode": "fast"
  },
  "response_status_code": 200,
  "response_text": "{\"prompt\":\"painting of two bald men with glasses and a green background, style of mark ryden, mark ryden style, mark ryden in the style of, daniel clowes, siamese twins, mark ryden highly detailed, two heads, lowbrow surrealism, absurdist art, maarten schr\u00f6der and tom bagshaw, by Mark Ryden\"}"
}
{
  "url": "http://127.0.0.1:7864/interrogator/prompt",
  "request": {
    "clip_model_name": "ViT-g-14/laion2B-s34B-b88K",
    "mode": "classic"
  },
  "response_status_code": 200,
  "response_text": "{\"prompt\":\"painting of two bald men with glasses and a green background, a portrait by Mark Ryden, tumblr, surrealism, style of mark ryden, mark ryden style, mark ryden in the style of\"}"
}
{
  "url": "http://127.0.0.1:7864/interrogator/prompt",
  "request": {
    "clip_model_name": "ViT-g-14/laion2B-s34B-b88K",
    "mode": "negative"
  },
  "response_status_code": 200,
  "response_text": "{\"prompt\":\"stunning african princess, ahri from league of legends, backlight photo sample, wearing xena armor, sparks of fire flying, armored sword blade, crystal maiden, battle map prop, gracefully belly dancing pose, stunning waterfall, purple crystals, beautiful flower, frostbite engine, rune-engraved armor, battle for whiterun city, greek amazon warrior, berries dripping\"}"
}
{
  "url": "http://127.0.0.1:7864/interrogator/prompt",
  "request": {
    "clip_model_name": "ViT-g-14/laion2B-s34B-b88K",
    "mode": "caption"
  },
  "response_status_code": 200,
  "response_text": "{\"prompt\":\"a cartoon of a dog pulling a lawn mower in front of a house\"}"
}
{
  "url": "http://127.0.0.1:7864/interrogator/prompt",
  "request": {
    "clip_model_name": "ViT-g-14/laion2B-s34B-b88K",
    "mode": "best"
  },
  "response_status_code": 200,
  "response_text": "{\"prompt\":\"a cartoon of a dog pulling a lawn mower in front of a house, 1997 ), zen garden, flirting, bears, god looking at me, the window is open, backyard, photograph credit: ap, addams, cute cartoon, lonely family, jeff lyons, private moment, operating on burgers, home display, waiting, kilart, on display\u201d, dj\"}"
}
{
  "url": "http://127.0.0.1:7864/interrogator/prompt",
  "request": {
    "clip_model_name": "ViT-g-14/laion2B-s34B-b88K",
    "mode": "fast"
  },
  "response_status_code": 200,
  "response_text": "{\"prompt\":\"a cartoon of a dog pulling a lawn mower in front of a house, in the yard, by Ray Parker, lawn, by Fred Ludekens, cartoon from the 90's, by Bill Lewis, gary larson, in a suburban backyard, lawns, by Brian Fies, by Matt Groening, by John Parker, by John Armleder, jeff smith\"}"
}
{
  "url": "http://127.0.0.1:7864/interrogator/prompt",
  "request": {
    "clip_model_name": "ViT-g-14/laion2B-s34B-b88K",
    "mode": "classic"
  },
  "response_status_code": 200,
  "response_text": "{\"prompt\":\"a cartoon of a dog pulling a lawn mower in front of a house, a digital rendering by Ray Parker, reddit, auto-destructive art, in the yard, lawn, cartoon from the 90's\"}"
}
{
  "url": "http://127.0.0.1:7864/interrogator/prompt",
  "request": {
    "clip_model_name": "ViT-g-14/laion2B-s34B-b88K",
    "mode": "negative"
  },
  "response_status_code": 200,
  "response_text": "{\"prompt\":\"rossdraws pastel vibrant, star guardian inspired, karol bak uhd, ''wallpaper of a phoenix, sigma from overwatch, oceanic naval battles, gold leaf texture, natalia dyer, dark tenebrous blue background, studio lighting 4 k, low-res, vanessa morgan, 8 k octanerender\"}"
}
{
  "url": "http://127.0.0.1:7864/interrogator/prompt",
  "request": {
    "clip_model_name": "ViT-g-14/laion2B-s34B-b88K",
    "mode": "caption"
  },
  "response_status_code": 200,
  "response_text": "{\"prompt\":\"a close up of a red background with a white border\"}"
}
{
  "url": "http://127.0.0.1:7864/interrogator/prompt",
  "request": {
    "clip_model_name": "ViT-g-14/laion2B-s34B-b88K",
    "mode": "best"
  },
  "response_status_code": 200,
  "response_text": "{\"prompt\":\"a close up of a red background with a white border, reddit vexillology, large vertical blank spaces, solid color background, full building, cart, bright red, solid dark background, anti life, width 768, on a red background, no hd, dichroistic, operation, fairy, ps, iso, battery, plain background, race\"}"
}
{
  "url": "http://127.0.0.1:7864/interrogator/prompt",
  "request": {
    "clip_model_name": "ViT-g-14/laion2B-s34B-b88K",
    "mode": "fast"
  },
  "response_status_code": 200,
  "response_text": "{\"prompt\":\"a close up of a red background with a white border, plain red background, red, bright red, color red, red only, red color, only red colour, colors red, red colored, strong red hue, red color bleed, red hue, gradient red, rot, red colors, in red background, simple red background, only with red\"}"
}
{
  "url": "http://127.0.0.1:7864/interrogator/prompt",
  "request": {
    "clip_model_name": "ViT-g-14/laion2B-s34B-b88K",
    "mode": "classic"
  },
  "response_status_code": 200,
  "response_text": "{\"prompt\":\"a close up of a red background with a white border, a picture inspired by Yamamoto Sh\u014dun, deviantart, neoplasticism, plain red background, red, bright red\"}"
}
{
  "url": "http://127.0.0.1:7864/interrogator/prompt",
  "request": {
    "clip_model_name": "ViT-g-14/laion2B-s34B-b88K",
    "mode": "negative"
  },
  "response_status_code": 200,
  "response_text": "{\"prompt\":\"watercolor pencil + ink drawing, soft blues and greens, cute details, purple accents, touching her clothes, swirling nature magic, cream and blue color scheme, adorable!!!, charcoal and champagne, feet art, whimsical!! intricate details, david mack, beautiful sculpted details, legend of the cryptids, stone and glass and gold, in water up to her shoulders\"}"
}
{
  "url": "http://127.0.0.1:7864/interrogator/prompt",
  "request": {
    "clip_model_name": "ViT-g-14/laion2B-s34B-b88K",
    "mode": "caption"
  },
  "response_status_code": 200,
  "response_text": "{\"prompt\":\"painting of a man holding a red flower in front of his face\"}"
}
{
  "url": "http://127.0.0.1:7864/interrogator/prompt",
  "request": {
    "clip_model_name": "ViT-g-14/laion2B-s34B-b88K",
    "mode": "best"
  },
  "response_status_code": 200,
  "response_text": "{\"prompt\":\"painting of a man holding a red flower in front of his face, dirk dzimirsky, a portrait of a british man, skinny grunt face, platon, photorealistic-n 9, masterpiece image, william gibson, by Steve Argyle, large flower head, h0, national portrait gallery, saatchi art, andrey gordeev\"}"
}
{
  "url": "http://127.0.0.1:7864/interrogator/prompt",
  "request": {
    "clip_model_name": "ViT-g-14/laion2B-s34B-b88K",
    "mode": "fast"
  },
  "response_status_code": 200,
  "response_text": "{\"prompt\":\"painting of a man holding a red flower in front of his face, dragan bibin, by Peter Scott, vdragan bibin, style of dragan bibin, photo - realism, photo-realism, mark hammil portrait, photographic hyperrealism, a photorealistic painting, in a style of hyperrealism, david normal. photorealistic\"}"
}
{
  "url": "http://127.0.0.1:7864/interrogator/prompt",
  "request": {
    "clip_model_name": "ViT-g-14/laion2B-s34B-b88K",
    "mode": "classic"
  },
  "response_status_code": 200,
  "response_text": "{\"prompt\":\"painting of a man holding a red flower in front of his face, a photorealistic painting by Peter Scott, pixabay, hyperrealism, dragan bibin, vdragan bibin, style of dragan bibin\"}"
}
{
  "url": "http://127.0.0.1:7864/interrogator/prompt",
  "request": {
    "clip_model_name": "ViT-g-14/laion2B-s34B-b88K",
    "mode": "negative"
  },
  "response_status_code": 200,
  "response_text": "{\"prompt\":\"nets and boats, mountain fuji on the background, hong kong buildings, wave of water particles, seaside backgroud, urban city background, ships with sails underneath, technological lights, water stream, lots of building\"}"
}
